{
  "2015": {
    "all": {
      "popularity": {
        "precision": 0.0014000000000000002,
        "recall": 0.003686879786879787,
        "ndcg": 0.002227402134562655,
        "hit_rate": 0.013,
        "diversity_score": 0.6697871933943288,
        "coverage": 6.93522499851388e-05,
        "rec_gini": 0.999950088176432,
        "mode": "all"
      },
      "cooccurrence": {
        "precision": 0.0006000000000000001,
        "recall": 0.0015595238095238093,
        "ndcg": 0.0008126957105983975,
        "hit_rate": 0.006,
        "diversity_score": 0.8907534821394985,
        "coverage": 0.044598450472586045,
        "rec_gini": 0.9593525707014041,
        "mode": "all"
      },
      "item_cf": {
        "precision": 0.00030000000000000003,
        "recall": 0.0008928571428571428,
        "ndcg": 0.0004062991082532914,
        "hit_rate": 0.003,
        "diversity_score": 0.935436785880487,
        "coverage": 0.044167475776249826,
        "rec_gini": 0.9600508524934279,
        "mode": "all"
      },
      "pagerank": {
        "precision": 0.0019,
        "recall": 0.003633506771006771,
        "ndcg": 0.0032812874309578457,
        "hit_rate": 0.016,
        "diversity_score": 0.760887179463459,
        "coverage": 0.023114114173618402,
        "rec_gini": 0.98880289595181,
        "mode": "all"
      },
      "multi_hop_3": {
        "precision": 0.0018000000000000002,
        "recall": 0.003365674603174603,
        "ndcg": 0.0027676708896336995,
        "hit_rate": 0.016,
        "diversity_score": 0.7944386228352515,
        "coverage": 0.030698278082707513,
        "rec_gini": 0.9799950068613577,
        "centralization": {
          "entropy": 13.971810859523131,
          "gini": 0.872211914627522,
          "hub_concentration": 0.8243426998094162,
          "degree_usage_corr": 0.7978625983209621,
          "n_unique_nodes": 428373,
          "total_path_uses": 44545248
        },
        "mode": "all"
      },
      "multi_hop_penalized_sqrt_3": {
        "precision": 0.0026,
        "recall": 0.005976297313797314,
        "ndcg": 0.004278771249420469,
        "hit_rate": 0.021,
        "diversity_score": 0.7338754709059042,
        "coverage": 0.01585689658588781,
        "rec_gini": 0.9942914518972508,
        "centralization": {
          "entropy": 13.971810859523131,
          "gini": 0.872211914627522,
          "hub_concentration": 0.8243426998094162,
          "degree_usage_corr": 0.7978625983209621,
          "n_unique_nodes": 428373,
          "total_path_uses": 44545248
        },
        "mode": "all"
      },
      "multi_hop_penalized_log_3": {
        "precision": 0.0024000000000000002,
        "recall": 0.004170741758241759,
        "ndcg": 0.003592927660086214,
        "hit_rate": 0.019,
        "diversity_score": 0.7240889024538776,
        "coverage": 0.013310678265004854,
        "rec_gini": 0.9958067654547749,
        "centralization": {
          "entropy": 13.971810859523131,
          "gini": 0.872211914627522,
          "hub_concentration": 0.8243426998094162,
          "degree_usage_corr": 0.7978625983209621,
          "n_unique_nodes": 428373,
          "total_path_uses": 44545248
        },
        "mode": "all"
      },
      "multi_hop_penalized_quadratic_3": {
        "precision": 0.0009,
        "recall": 0.0016944444444444442,
        "ndcg": 0.0012365335482474444,
        "hit_rate": 0.008,
        "diversity_score": 0.8189657010667384,
        "coverage": 0.036523867081459174,
        "rec_gini": 0.971975380182589,
        "centralization": {
          "entropy": 13.971810859523131,
          "gini": 0.872211914627522,
          "hub_concentration": 0.8243426998094162,
          "degree_usage_corr": 0.7978625983209621,
          "n_unique_nodes": 428373,
          "total_path_uses": 44545248
        },
        "mode": "all"
      }
    },
    "rated": {
      "popularity": {
        "precision": 0.0014,
        "recall": 0.003125732600732601,
        "ndcg": 0.0018623910320198763,
        "hit_rate": 0.013,
        "diversity_score": 0.6697320511380733,
        "coverage": 6.93522499851388e-05,
        "rec_gini": 0.999950157528682,
        "mode": "rated"
      },
      "cooccurrence": {
        "precision": 0.0011,
        "recall": 0.0035102564102564102,
        "ndcg": 0.002388220913422076,
        "hit_rate": 0.011,
        "diversity_score": 0.8933431373016201,
        "coverage": 0.044657895258287596,
        "rec_gini": 0.959321619491039,
        "mode": "rated"
      },
      "item_cf": {
        "precision": 0.0005,
        "recall": 0.0007935897435897435,
        "ndcg": 0.0009606102048271854,
        "hit_rate": 0.005,
        "diversity_score": 0.9375005331364508,
        "coverage": 0.04389997424059286,
        "rec_gini": 0.9605361680696267,
        "mode": "rated"
      },
      "pagerank": {
        "precision": 0.0015,
        "recall": 0.0030238095238095237,
        "ndcg": 0.002406543097869642,
        "hit_rate": 0.013,
        "diversity_score": 0.7608345275610274,
        "coverage": 0.02320823508431252,
        "rec_gini": 0.9887081201577268,
        "mode": "rated"
      },
      "multi_hop_3": {
        "precision": 0.0015,
        "recall": 0.002678113553113553,
        "ndcg": 0.0024169953556933176,
        "hit_rate": 0.013,
        "diversity_score": 0.7964037358142831,
        "coverage": 0.030797352725543424,
        "rec_gini": 0.9799283794883427,
        "centralization": {
          "entropy": 13.980381351576538,
          "gini": 0.8719643653057454,
          "hub_concentration": 0.8247299042253322,
          "degree_usage_corr": 0.7615037086548518,
          "n_unique_nodes": 426697,
          "total_path_uses": 42956244
        },
        "mode": "rated"
      },
      "multi_hop_penalized_sqrt_3": {
        "precision": 0.0023000000000000004,
        "recall": 0.005210014005602241,
        "ndcg": 0.0047743658330154275,
        "hit_rate": 0.019,
        "diversity_score": 0.7370758395435034,
        "coverage": 0.01613925931797016,
        "rec_gini": 0.9940952628081856,
        "centralization": {
          "entropy": 13.980381351576538,
          "gini": 0.8719643653057454,
          "hub_concentration": 0.8247299042253322,
          "degree_usage_corr": 0.7615037086548518,
          "n_unique_nodes": 426697,
          "total_path_uses": 42956244
        },
        "mode": "rated"
      },
      "multi_hop_penalized_log_3": {
        "precision": 0.0028,
        "recall": 0.008939775910364144,
        "ndcg": 0.006345479975410237,
        "hit_rate": 0.023,
        "diversity_score": 0.7275556934596135,
        "coverage": 0.013706976836348505,
        "rec_gini": 0.9955911893467775,
        "centralization": {
          "entropy": 13.980381351576538,
          "gini": 0.8719643653057454,
          "hub_concentration": 0.8247299042253322,
          "degree_usage_corr": 0.7615037086548518,
          "n_unique_nodes": 426697,
          "total_path_uses": 42956244
        },
        "mode": "rated"
      },
      "multi_hop_penalized_quadratic_3": {
        "precision": 0.0008,
        "recall": 0.0013345238095238098,
        "ndcg": 0.0011847261363915676,
        "hit_rate": 0.008,
        "diversity_score": 0.8209939860803652,
        "coverage": 0.036538728277884555,
        "rec_gini": 0.9719779520584275,
        "centralization": {
          "entropy": 13.980381351576538,
          "gini": 0.8719643653057454,
          "hub_concentration": 0.8247299042253322,
          "degree_usage_corr": 0.7615037086548518,
          "n_unique_nodes": 426697,
          "total_path_uses": 42956244
        },
        "mode": "rated"
      }
    }
  }
}